a;ut
able;sa
about;circem
absence;an-ai
absence;anai
absent;an-ai
absent;anai
absorb;por-in
absorb;porin
accident;cas
account(n);ratitas
account(v);rati
achieve;le-in
achieve;lein
achievement;le-in-tas
achievement;leintas
acid;coxi-tas
acid;coxitas
acquaintance;afin
across;trax
act(n);ac-tas
act(n);actas
act (v);ac
acting;ac-te
acting;acte
add;adix
addition;adictas
adding;adicte
adequate;satis
administration;ben-mon-tas
administration;benmontas
admit;chan-por
admit;chanpor
admittance;chan-por-tas
admittance;chanportas
adorn;tint
advice;mon-wis
advice;monwis
affinity;fed-tas
affinity;fedtas
after;pos
again;denae
against;an-adsenk-tas
against;anadsenktas
age;vas-tim
age;vastim
ago;prae-tim
ago;praetim
agree;adsenkt
agreement;adsenktas
agricultural leader;us-arb-vas-lem
agricultural leader;usarbvaslem
air;hur
albeit;et
alert;jux-wis
alert;juxwis
all;tu
allright;vers
allow;can
almost;presk
also;mis-tim
also;mistim
although;et
always;tu-tim
always;tutim
among;ante
amount;minzur
amuse;oblek
amusement;oblektas
ancient;prae-tim-de
ancient;praetimde
and;esh
and;ew
anger(n);belis-tas
anger(n);belistas
anger(v);belis
angle;angulem
angry;belis-ku
angry;belisku
animal;zen
annoy;vex
annoying;vex-te
annoying;vexte
anoint;ungo
answer;res
ant;formi
anticipate;sper
antidote;an-nax-ailem
antidote;annaxailem
any;kui
anything;kui-ailem
anything;kuiailem
anytime;kui-tim
anytime;kuitim
apart;dis
aperture;fora
apparatus;makis
apple;mal
approve;adsenkt-de
approve;adsenktde
arc;arch
archive;mag-enu
achive;magenu
are;est
argue;oro
argument;oro-tas
argument;orotas
arm;brak
armor;aglo
army;agra-lem-mur
army;agralemur
aroma;olef-tas
aroma;oleftas
arrive;tim-por
arrive;timpor
art;ars
artifact;ben-in-ailem
artifact;beninailem
artist;ars-lem
artist;arslem
as;kua
as;ve
ascend;uus-por
ascend;uuspor
ask;arr
assemble;int-rep-ku
assemble;intrepku
astrology;sil
asunder;dis
at;ast
attack;agra
attempt;insep
attention;kur
attentive;kur-ku
attentive;kurku
attract;trak-por
attract;trakpor
authority;grav
available;rap-sa
available;rapsa
avatar;avatar
avert;in-por-dis
avert;inpordis
avoid;in-por-dis
avoid;inpordis
await;sper
awake;an-zu
awake;anzu
baby;bet-lem
baby;betlem
back;do
bad;bal
bag;mantik
balance;mis-tas
balance;mistas
ball;glub
banish;an-kal
banish;ankal
banner;ting-teks
banner;tingteks
bar;sera
bark(n);arb-teg
bark(n);arbteg
base;rad
basin;setil
basket;korb
bath;purg-te-kap
bath;purgtekap
bathe;purg-zen-tu
bathe;purgzentu
battle;vas-korp-agra
battle;vaskorpagra
be;est
bear(n);urs
bear (v);fer
beautiful;pulker
because;qua-wis
because;quawis
become;in
bed;ter-zu
bed;terzu
bee;abis
beehive;abis-reg
beehive;abisreg
before;prae
begin;init
begin;re-in
begin;rein
begone;gres-por
begone;grespor
behavior;mors
being(n);zen
belief;kred-tas
belief;kredtas
believe;kred
believer;kred-lem
believer;kredlem
bell;clok
belly;alv
belong;de
beloved;amo-lem
beloved;amolem
below;des-de
below;desde
bench;pur-sed
bench;pursed
bent;arch
berry;baka
berserk;ari
berserker;sarp-ari-lem
berserker;sarparilem
betra;betra
better;plu-ben
better;pluben
between;intes
big;vas
bird;avir
birth;in-zen
birth;inzen
bite;mord
bitter;azer
black;mel
blacksmith;agra-char-in-lem
blacksmith;agracharinlem
blade;kupsi
bless;saengkt
blood;crios
blow;in-hur
bloe;inhur
blue;sini
board;tabil
boat;lin-tas
boat;lintas
body;zen-tu
body;zentu
boil;fervi
boiling;fervi-ku
boiling;ferviku
bond (n);afin
bond (n);fed-tas
bond (n);fedtas
bond (v);fed
bone;os
book;kodeks
boomerang;ta-re-por
boomerang;tarepor
boot;ped-aglo
boot;pedaglo
both;sek
bottle;lago
bottom;vas-des
bottom;vasdes
bow;arch
bowels(earth);ter-alt
bowels(earth);teralt
box;kap
boy;mas-bet-lem
boy;masbetlem
brain;cerub
branch;car-de-arb
branch;cardearb
bread;pan
breast;cor
breath;ura
breeches;braca
brick;ater
bridge;pons
bright;qar
bright;klar
bring;fer
bring;por
broken;bris
brother;frèt
brother;fret
brown;ful
brush;pinek
brutal;veh
bucket;setil
building;domu
burn;in-flam
burn;inflam
burst;eks-rap
burst;eksrap
bush;arb
business;rei
but;a
but;sol
butter;beur
button;buto
by;o
by;pa
cable;fil
cake;mit-mani-ailem
cake;mitmaniailem
calamity;skel
call;kal
calm;an-hur
calm;anhur
can;sa
cannot;a-sa
cannot;asa
canvas;karbas
card;tab
care;kur
caring;kur-ku
caring;kurku
carriage;vas-cur
carriage;vascur
carrier;por-lem
carrier;porlem
cart;cur
cast (spell);kal-ort
cast (spell);kalort
cast (throw);deji
cat;gat
catch;praen
cauldron;vas-leb
cauldron;vasleb
cause;in
cave;turn
center;med
certain;ker
certainly;ker-de
certainly;kerde
chafe;bal-ungo
chafe;balungo
chain;vink
chair;sed-tas
chair;sedtas
chalice;kalix
chamber;klau
chamber;qau
chance;cas
change;rel 
changing;rel
chaos;an-ord
chaos;anord
cheap;vil
cheese;vak-mani-ailem
cheese;vakmaniailem
chemical;kimik
chest (container);vas-kap
chest (container);vaskep
chest (body);thor
chicken;pul
chief;uus-lem
chief;uuslem
chin;ment
choice;sel-tas
choice;seltas
choke;vas-ang
choke;vasang
choose;sel
chrysalis;kort
circle;kir
city;op
clamp;harp
claw;uy
clean;purg
clear;purg-ku
clear;purgku
clear;pur
client;clens
climate;coel
cling;ang
clingy;ang-ku
clingy;angku
clock;horel
clone;quas-zen
clone;quaszen
close (proximity);cirk
close (verb);firm
closed;an-ex-por
closed;anexpor
cloth;teks
clothe;suo-teks
clothe;suotek
cloud;nub
coal;sarbo
codex;kodeks
coil (n);plir-tas
coil (n);plirtas
coil (v);plir
cold;an-flam
cold;anflam
collapse;kad
collar;cu
color;ting
combine;ku-por
combine;kupor
come;in-por
come;inpor
come;tim-por
come;timpor
come here;ter-ista-por
come here;teristapor
come out;gres-por
come out;grespor
comfort;don-an-hur
comfort;donanhur
committee;mag-mur
committee;magmur
common;vil
commoner;an-cel-lem
commoner;ancellem
community;mur-om
community;murom
compare;si-par
compare;sipar
comparison;si-par
comparison;sipar
compassion;mu
competition;amo-agra-tas
competition;amoagratas
complete;clud
complex;an-pur
complex;anpur
condition;stat
confound;sop
confusion;vas-quas
confusion;vasquas
connect;fed
connection;fed-tas
connection;fedtas
conscious;an-zu
conscious;anzu
consider;kred
constant;adsi
consumable;kans-sa
consumable;kanssa
consume;kans
contempt;fest-as
contempt;festas
continue;te-in
continue;tein
control;un
conviction;ker-tas
conviction;kertas
convince;in-ker
convince;inker
cook;kans-in-lem
cook;kansinlem
copper;aes
copy (n);quas-ailem
copy (n);quasailem
copy (v);in-mis
copy (v);inmis
cord;fil
cork;kort
correct;apta
correctly;apta-de
correctly;aptade
cost;som
costly;som-ku
costly;somku
cotton;pek-teg
cotton;pekteg
cough;hur-ex-cu
cough;hurexcu
council;mur-pri-lem
council;murprilem
countless;an-mur-de
countless;anmurde
country;vas-ter-reg
country;vasterreg
courage;kor
course;via
courthouse;beh-reg
courthouse;behreg
cover;sep
cow;vak
crack;skis
craft;ben-in
craft;benin
crafter;ben-in-lem
crafter;beninlem
crazy;fu
create;in
creator;kred-in-lem
creator;kredinlem
creature;zen
credit;an-aur
credit;anaur
crime;skel
criminal;skel-lem
criminal;skellem
crossroad;bif
crowd (n);plen-tas
crowd (n);plentas
cruel;vas-bal
cruel;vasbal
crush;an-in
crush;anin
cry;plor
cube;kuad
cube;quad
culture;cult
cunning;dol
cup;kalix
cure (poison);an-nax
cure (poison);annax
cure potion;mir-an-nax
cure potion;mirannax
current (now);rap
current (water);mir-for
current (water);mirfor
curse;an-saengkt 
curse;ansaengkt
cursed;an-saengkt
cursed;ansaengkt
curtain;val
curve;arch
cushion;culk
cut;skis
daemon;daemon
damage;juks
danger;juks
dark;an-lor
dark;anlor
darkness;an-lor
darkness;anlor
dash;rap-curo
dash;rapcuro
daughter;fem-prol
daughter;femprol
day;lor-tim
day;lortim
daytime;lor-tim
daytime;lortim
dead;korp
deadly;korp
deadly poison potion;mir-korp-nox
deadly poison potion;mirkorpnox
dear;mag
death;korp
debt;dot
deceit;dol
decision;in-sel
decision;insel
deep;alt
defend;jux-ark
defend;juxark
degree;quant
delicate;feb
demand;nes-tas
demand;nestas
demented;vas-fu
demented;vasfu
demolition;an-in-tas
demolition;anintas
demon;daemon
dense;cras
dependent;clen
deranged;fu
descend;des-por
descend;despor
descendant;prol
desecrate;om-jux
desecrate;omjux
design;in-wis-lor
design;inwislor
design;prop
desire;eger
desk;pupit
despise;asper
destroy;an-in
destroy;anin
destruction;an-in-tas
destruction;anintas
detail;acu
development;evol
die;in-korp
die;ankorp
different;an-mis
different;anmis
digest;coxi
digestion;coxi-tas
digestion;coxitas
diligence;us
diminish;in-des
diminish;indes
direction;trak-tas
direction;traktas
dirty;an-pur
dirty;anpur
disbelief;an-kred
disbelief;ankred
discover;ven
discovery;ven-tas
discovery;ventas
discuss;lok
discussion;lok-de
discussion;lokde
disdain;asper
disease;an-ben-tas
disease;anbentas
disgust;fest
disgusting;fest-as
disgusting;festas
dismay;sop
dispel;an-ort
dispel;anort
distance;spak
distribute;don-mur
distribute;donmur
distribution;don-mur-tas
distribution;donmurtas
disturb;vex
divide;skis
division;skis-tas
division;skistas
do;fai-an-kred
do;faiankred
dog;cani
doom;bal
door;aper-ter
door;aperter
doubt;an-kred
doubt;ankred
douse;an-flam
douse;anflam
down;des
drag;trak-por
drag;trakpor
dragon;drak
drain;an-plen
drain;anplen
drake;bet-drak
drake;betdrak
draw (drag);trak-por
draw (drag);trakpor
draw;in-wis-lor
draw;inwislor
drawer;pupit-de
drawer;pupitde
dress (n);fem-orn
dress (n);femorn
dress (v);orn
drink;bib
drop;don
dry;sik
dungeon;sadis-turn
dungeon;sadisturn
duplicate (n);quas-ailem
duplicate (n);quasailem
duplicate (v);in-mis
duplicate (v);inmis
duration;dur
dust;ailem
ear;aud
early;vas-prae-tim
early;vaspraetim
earth;ter-reg
earth;terreg
earthquake;vas-por-ailem
earthquake;vasporailem
east;uri
eclipse;vas-an-lor
eclipse;vasanlor
edge;marga
education;cult
effect;cons
egg;ov
eight;ok
eighth;ok-de
eighth;okde
elastic;tir-ku
elastic;tirku
electric;lect
elevated;vas-uus
elevated;vasuus
enchant;in-ort
enchant;inort
end;fin
endanger;in-jux
endanger;injux
enemy;an-amo-lem
enemy;anamolem
energy;grav
engine;mot
enlarge;in-vas
enlarge;invas
enough;satis
enslave;an-ex
enslave;anex
enter;ante
entrust;kred-don
entrust;kreddon
epoch;vas-tim
epoch;vastim
equal;par
equally;par-de
equally;parde
erect;rec
error;fel-tas
error;feltas
even;vel
event;rei
ever;unq
every;vas-ailem 
every;vasailem
everything;vas-ailem
everything;vasailem
everyone;lem-mur
everyone;lemmur
evil;bal
evil one;bal-sil
evil one;balsil
example;ceu
exchange;vici
excite;ben-sop
excite;bensop
excitement;ben-sop-tas
excitement;bensoptas
exist;est
existence;zen
exit (n)/(v);gres/gres-por
exit (v);gres-por
exit (v);grespor
expand;uus
expansion;uus-tas
expansion;uustas
experience;usu-de
experience;usude
experiment;usu
expert;usu-lem
expert;usulem
extinguish;an-flam
extinguish;anflam
eye;vid
fable;fel-wis
fable;felwis
face;wis-char
face;wischar
fact;ver-tas
fact;vertas
fail;kad
fall;kat
false prophet;an-bal-sil-fer
false prophet;anbalsilfer
false;fel-wis 
false;felwis
falsehood;fel-wis
falsehood;felwis
family;xen
family;zhen
famine;an-kans
famine;ankans
far;an-cirk
far;ancirk
farm;arb-reg
farm;arbreg
farmer;arb-lem
farmer;arblem
fat;vas-ku
fat;vasku
father;mas-in-lem
father;masinlem
fear;quas-korp
fear;quaskorp
feather;plum
feeble;vas-feb
feeble;vasfeb
feel;sent 
feeling;sent
felucca;feluka
female;fem
fence;sera
ferocious;veh
fertile;mur-in-zen
fertile;murinzen
few;an-mur
few;anmur
fiction;jist
field;grav
fight;agra
fighter;agra-lem
fighter;agralem
fighter;mek-lem
fighter;meklem
final;ul
find;ven
finger;dig
fire;flam
fireplace;ter-flam
fireplace;terflam
first;pri
fish;pisk
fissure;fora
five;pen
fix;fig
fixed;fig
flag;mag-teks
flag;magteks
flame;flam
flank;lat
flat;vel
flavor;sab
flee;rap-curo
flee;rapcuro
flight;vol-tas
flight;voltas
float;nag
floor;solu
flower;flur
flute;tib
fly;vol
focus;in-bet
focus;inbet
fodus;fodus
fold (n);plir-tas
fold (n);plirtas
fold (v);plir
follow;pos
food;mani-ailem
food;maniailem
foolish;stul
foot;ped
for;trak
for (time);dur
force;saengkt
force field;saengkt-grav
force field;saengktgrav
forest;ter-vas-arb
forest;tervasarb
forest fire;arb-flam
forest fire;arbflam
forever;tu-tim
forever;tutim
forget;an-wis
forget;anwis
fork;bif
form;in
fortunate;bea
forward;pos-an-do
forward;posando
foundation;des-in-tas
foundation;desintas
four;kuar
four;quar
fowl;pul
fragile;vas-feb
fragile;vasfeb
frail;vas-feb
frail;vasfeb
frame;rep
free (n);eks
free (v);in-ex
free (v);inex
freedom (n);ex
frequent;kreb
friend;amo-lem
friend;amolem
from;de
front;an-do
front;ando
fruit;arb-kans
fruit;arbkans
full;plen-tas
full;plentas
fun;lud
function;per
functionality;per-tas
functionality;pertas
funny;lud-ku
funny;ludku
fur;zen-crin
fur;zencrin
future;pos-tim
future;postim
game;lud
garden;mur-flur
garden;murflur
gargoyle;gargl
gargish;gargl
gate;aper-ter
gate;aperter
gender;gens
general;us-agra-lem
general;usagralem
gentle;len
gentleness;len-tas
gentleness;lentas
get;klep
get;qep
ghost;um-lem
ghost;umlem
gift;rem
girl;fem-bet-lem
girl;fembetlem
give;don
give up;amit
glass;vit
glide;lab
glory;glor
glove;manu-orn
glove;manuorn
glue;pend-char
glue;pendchar
go;in-por
go;inpor
go out;gres-por
go out;grespor
goat;cev
gold;aur
good;an-bal
good;anbal
good;ben
goodscrafter;ben-in-lem
goodscrafter;beninlem
gorilla;simi
government;mur-pri-lem
government;murprilem
grain;seg
grappling;harp
grass;erb
gray;hori
great;vas
great knowledge;vas-wis
great knowledge;vaswis
great time;vas-tim
great time;vastim
greater cure potion;vas-mir-an-nax
greater cure potion;vasmirannax
greater heal potion;vas-mir-mani
greater heal potion;vasmirmani
greater poison potion;vas-mir-nox
greater poison potion;vasmirnox
green;vir
greet;kal
grey;hori
grief (v);don-poen
grief (v);donpoen
grieve;vas-an-lai
grieve;vasanlai
grin;sub
grind;bal-ungo
grind;balungo
grip;praen
group;mur
growth;evol
guard;agra-lem
guard;agralem
guide;duk
hail;des-ailem
hail;desailem
hair;crin
half;semi
hall;atri
hammer;mol
hand;manu
handy;rap-sa
handy;rapsa
handyman;des-lem
handyman;deslem
hanging;pend
happy;lai
happiness;lai
harbor;lint-reg
harbor;lintreg
hard;rig
harm (n);jux
harm (v);an-mani
harm (v);anmani
harmony;harm
has;ten-te
has;tente
has to;nes
hasty;subi
hat;wis-char-orn
hat;wischaron
hatch (n);ex-por
hatch (n);expor
hatch (v);gres-por
hatch (v);grespor
hate;an-amo
hate;anamo
hatred;an-amo
hatred;anamo
have;ten
hawk;aki
he;ilem
he;lem
head;wis-char
head;wischar
heal;in-mani
heal;inmani
heal potion;mir-mani
heal potion;mirmani
healer;in-mani-lem
healer;inmanilem
healing;mani
health;ben-tas
health;bentas
healthy;ben
hear;aud
hearing;aud-de
hearing;audde
heart;cor
heat;flam
heavy;cras
heed;ver-vid
heed;vervid
hello;kal
helm;kas
help;auks
her;lem
here;ter-ista
here;terista
hers;lem-de
hers;lemde
hide;ark
hiding place;ter-ark
hiding place;terark
high;cel
high;vas-uus
high;vasuus
him;lem
his;lem-de
his;lemde
history;prae-jist
history;praejist
hole;fora
hollow;fora-ku
hollow;foraku
holy;om-de
holy;omde
home;reg
honesty;am
honest;am
honey;abis-kans
honey;abiskans
honor;summ
hook;harp
hope;sper
horffe;horffe
horn;buci
horse;ekui
hospital;ben-reg
hospital;benreg
hot;flam-ku
hot;flamku
hour;har
house;reg
how;kuo
however;ade
human;hiuman
humble;lum-lem
humble;lumlem
humility;lum
humor;lud
humorous;lud
hurl;deji
hurt;an-mani
hurt;anmani
i;ilem
ice;rig-an-flam
ice;riganflam
idea;kred-in
idea;kredin
if;si
ignite;in-flam
ignite;inflam
ill;an-ben
ill;anben
illuminate;in-lor
illuminate;inlor
illusion of death;quas-korp
illusion of death;quaskorp
illusion;kuas
illusion;quas
illusionary;kuas
illusionary;quas
image;wis-lor
image;wislor
important;mag
impulse;an-ku-kred
impulse;ankukred
impulsive;an-ku-kred
impulsive;ankukred
in;ante
in;te
inanimate;an-zen
inanimate;anzen
incessant;adsi
incline;cliv
increase;uus
industry;rei
infallible;an-kad-sa
infallible;ankadsa
injury;vul
ink;atra
insane;vas-fu
insane;vasfu
insect;bet-zen
insect;betzen
instrument;orga
insurance;assuk
intelligence;ski-tas
intelligence;skitas
intelligent;wis
intense;sev
intention;prop
interest;tri
interesting;tri
interior;ter-alt
interior;teralt
interpret;in-wis-lok
interpret;inwislok
interrogate;arr
interrogation;arr-tas
interrogation;arrtas
into;ante
invention;kred-in
invention;kredin
inventor;kred-in-lem
inventor;kredinlem
invisible;saengkt-lor
invisible;saengktlor
invisibility;saengkt-lor
invisibility;saengktlor
iron;xel
is;est
island;insu
it;lem
its;lem-de
its;lemde
jewel;bij
join;int
jolt;vex
journey;iten
joy;lai
judge;bel-lem
judge;bellem
jump;sal
just one (person);beh-lem
just one (person);behlem
justice;beh
keep;ark
kettle;leb
key;clav
kick;ped-agra
kick;pedagra
kill;in-korp
kill;inkorp
kind (type);spec
kind;ben-ku
kind;benku
kindly;ben-ku
kindly;benku
kindness;len-tas
kindless;lentas
king;pri-lem
king;prilem
kiss;basi
knee;gen
knife;kul
knot;nod
know;ski
know;wis
knowledge;wis
knowledge;skitas
laborer;des-lem
laborer;deslem
lack;an-ten
lack;anten
land;ter-reg
land;terreg
language;liy
last;ul
late;vas-pos-tim
late;vaspostim
laugh;rir
lava;umor-flam
lava;umorflam
law;aksi
lead (n);mon-tas
lead (n);montas
lead (v);mon
leader;mon-lem
leader;monlem
leader;uus-lem
leader;uuslem
leader of farmers;us-arb-vas-lem
leader of farmers;usarbvaslem
leaf;fol
learning;in-wis
learning;inwis
leather;zen-teg
leather;zenteg
leave;gres-por
leave;grespor
left;an-ver
left;anver
leg;por-char
leg;porchar
lens;lor-rel
lens;lorrel
lensmaker;lor-rel-in-lem
lensmaker;lorrelinlem
less;min
least;vil-de
least;vilde
lesson;in-wis-tas
lesson;inwistas
let;can
lethal;vas-korp
lethal;vaskorp
lethal poison;vas-korp-nox
lethal poison;vaskorpnox
letter;lit
level;squa
library;kodeks-reg
library;kodeksreg
librum;librum
lie (resting);sit
lie (untruth);fel-wis
lie (untruth);felwis
life;mani
lift;uus
light;lor
like;de
like;ve
limit;le
line;lig
line;del
linen;delsa-teks
linen;delsateks
lip;buk-marga
lip;bukmarga
liquid;umor
list;enu
little;vil
live;mani
living;mani
location;loc
lock;an-ex-por
lock;anexpor
locked;an-ex-por
locked;anexpor
long;vas
look;vid
loose;an-ang
loose;anang
loosen;an-ang
loosen;anang
lord;pri-lem
lord;prilem
lose;amit
loss;amit-tas
loss;amittas
loud;vas-son
loud;vasson
love;amo
loved one;amo-lem
loved one;amolem
low;an-uus
low;anuus
lower;des
luck;bea
lucky;bea
lumber;nem
machine;makis
mage;ort-lem
mage;ortlem
magic;ort
magical;ort
magical potion;ort-mir
magical potion;ortmir
maintain;in-ten
maintain;inten
make;in
male;mas
man;mas-lem
man;maslem
manage;ben-mon
manage;benmon
manager;ben-mon-lem
manager;benmonlem
many;mur
map;ter-reg-wis-lor
map;terregwislor
mark;viduk-tas
mark;viduktas
market;ved-ter
market;vedtur
marriage;int-zu-tas
marriage;intzutas
marry;int-zu
marry;intzu
married;int-zu
married;intzu
mass;mag-ailem
mass;magailem
mass dispel;vas-an-ort
mass dispel;vasanort
master;art
match;int-rep-ku
match;intrepku
material;ailem-char
material;ailemchar
matter;ailem
may;sa
me;i
meal;pri-de-kans
meal;pridekans
measure;minzur
meat;carn
medical;mani-de
medical;manide
meet;zen-mur-int
meet;zenmurint
meeting;zen-mur-int
meeting;zenmurint
member;char-zen
member;charzen
memory;reski-tas
memory;reskitas
merchandise;ved-ter-de
merchandise;vedterde
merge;int-rep-ku
merge;intrepku
metal;oric-de
metal;oricde
meteor storm;des-ailem
meteor storm;desailem
middle;med
military;agra-lem-mur
military;agralemmur
military leader;us-agra-lem
military leader;usagralem
milk;vak-mir
milk;vakmir
mind;kred-char
mind;kredchar
mine (n);oric-reg
mine (n);oricreg
mine (object);idde
mine (v);oric-te
mine (v);oricte
minute;mun
mist;neb
misuse;abu
mix;quas-rep-ku
mix;quasrepku
mixed;quas-rep-ku
mixed;quasrepku
money;aur
monkey;simi
monster;bal-zen
monster;balzen
month;mur-lor-tim
month;murlortim
moon;orb
moongate;rel-por
moongate;relpor
moongate travel;rel-por
moongate travel;relpor
moonstone;orb-lap
moonstone;orblap
more;plu
morning;lor-tim-init
morning;lortiminit
most;plu
mother;fem-in-lem
mother;feminlem
motion;por
motionless;an-por
motionless;anpor
mountain;mont
mourn;vas-an-lai
mourn;vasanlai
mouse;mus
mouth;buk
mouth (cave);ter-ante
mouth (cave);terante
move;por
movement;por
moving;por
much;plu
multiple;mur
muscle;zen-for-tas
muscle;zenfortas
music;son-de
music;sonde
musician;son-lem
musician;sonlem
must;nes
my;ide
nail;aig
name;nom
narrow;ang-ter
narrow;angter
nation;vas-mur-om
nation;vasmurom
nature;arb-de
nature;arbde
natural;arb-de
natural;arbde
near;cirk
necessary;eger-ku
necessary;egerku
neck;cu
need;eger
needed;eger-ku
needed;egerku
needle;acu
negate;an
negative;an
neither;ni
nerve;ner
net;praen-char
net;praenchar
never;an-tim
never;antim
nevertheless;tam
new;bet-tim
new;bettim
news;mag-wis
news;magwis
nigh;rap-tim
nigh;raptim
night;an-lor-tim
night;anlortim
no;an
no;ni
noble;cel
nod;sub
noise;bal-son
noise;balson
normal;an-aniw
normal;ananiw
north;sept
nose;ura-char
nose;urachar
not;an
note;ton
nothing;an-ailem
nothing;anailem
noun;mo
now;rap
number;mur
nut;rig-kans
nut;rigkans
oath;jur
objective;prop
observation;ang-vid
observation;angvid
ocean;vas-mir
ocean;vasmir
odor;olef-tas
odor;oleftas
of;de
off;an-ad
off;anad
offer;sev-rem
offer;sevrem
office;trav-ter
office;travter
oil;ole
ok;vers
old;vas-tim
old;vastim
on;ad
one;lem
only;sol
open (ad);ex-por
open (ad);expor
open (v);aper
operation;mag-trav
operation;magtrav
opinion;kred-tas
opinion;kredtas
opposite;kon
or;au
orange;aran
orbit;kir-por
orbit;kirpor
order;ord
ore;oric
organization;kons
original;ter-init
original;terinit
originally;ter-init
originally;terinit
ornament;orn-tas
ornament;orntas
other;ali
other;sek-de
other;sekde
our;ui-de
our;ui-de
out;gres
oven;flam-char
oven;flamchar
over;fin-ku
over;finku
owner;de-lem
owner;delem
page;pap-de
page;papde
pain;sadis
paint;in-wis-lor
paint;inwislor
paint;ting
pale;pal
pants;braca
paper;pap
parallel;mis-squa
parallel;missqua
part;car
passion;or
past;prae-tim
past;praetim
paste;pend-char
paste;pendchar
path;via
pay;luo
payment;luo
peace;an-agra
peace;anagra
peculiar;pecu
people;zen-mur
people;zenmur
perfect;ver-in-de
perfect;verinde
persistence;ter-per-tas
persistence;terpertas
persistent;ter-per-tas
persistent;terpertas
person;zen-mur
person;zenmur
pet;zen-lem
pet;zenlem
physical;zen-ku
physical;zenku
picture;wis-lor
picture;wislor
pig;porci
pin;acu
pipe;tib
pirate;klep-lem
pirate;kleplem
place (n);ter
place (v);ter-te
place (v);terte
plague;vas-an-ben
plague;vasanben
plan;prop
plane;ter-ailem
plane;terailem
plant;bet-arb
plant;betarb
plate;kans-char
plate;kanschar
plate;lanx
platter;lanx
play;lud
player;lud-lem
player;ludlem
playful;lud-ku
playful;ludku
please;don-lai
please;donlai
pleasure;lai
plough;arb-char
plough;arbchar
plow;arb-char
plow;arbchar
pocket;mantik-teks
pocket;mantikteks
poem;pulker-mo
poem;pulkermo
point;vid-duk
point;vidduk
poison (n);nax
poison (n);nox
poison (v);in-nax
poison (v);innax
poison (v);in-nox
poison (v);innox
poisonous;nax
poisonous;nox
polish;lim
politics;ben-mon-tas
politics;benmontas
political;ben-mon-tas
political;benmontas
poor;vil
porter;por-lem
porter;porlem
position;loc
possess;de
possible;sa-est
possible;saest
pot;leb
potato;pat
pouch;bet-mantik
pouch;betmantik
powder;pud
power;grav
precede;prae
precise;ben-in-tas
precise;benintas
precision;ben-in-tas
precision;benintas
prediction;sil
present;ter-ista
present;terista
price;som
pride;mul
principle;aksi
principle;axi
print;skri
prison;skel-lem-reg
prison;skellemreg
private;aper-an-tu
private;aperantu
prize;rem
probable;de-ku-est
probable;dekuest
problem;kuae
problem;quae
process;ac-tas
process;actas
produce;in-ailem
produce;inailem
profit;in-aur
profit;inaur
profitable;in-aur-ku
profitable;inaurku
promise (n);jur
promise (v);in-jur
promise (v);injur
proof;ack
proper;apta
proper;beh-de
proper;behde
properly;apta-de
properly;aptade
properly;ben-de
properly;bende
property;predi
prophecy;bal-sil
prophecy;balsil
prophet;bal-sil-fer
prophet;balsilfer
proposal;sev-rem
proposal;sevrem
prosperity;ben-om-mani
prosperity;benommani
protect;in-saengkt
protect;insaengkt
protect;jux-ark
protect;juxark
protection;saeykt
protection;saengkt
protest;lok-an-adsenktas
protest;lokanadsenktas
public;aper-tu
public;apertu
pull;trak-por
pull;trakpor
pump;ant
punish;don-sadis
punish;donsadis
punishment;don-sadis-tas
punishment;donsadistas
purpose;prop
push;por-an-do
push;porando
push;for-por
push;forpor
put;ter-te
put;terte
put out;an-flam
put out;anflam
quality;tas
queen;pri-lem
queen;prilem
quest;vestas
quest;vest-tas
quest;vesttas
question (n);arr-tas
question (n);arrtas
question (v);arr
quick;rap
quickly approaching;rap-tim
quickly approaching;raptim
quiet;an-son
quiet;anson
quite;nim
race;zen-mur
race;zenmur
rail;sera
rain;ter-hur-mir
rain;terhurmir
raise;uus
range;in-spak
range;inspak
rat;bal-mus
rat;balmus
rate;squa
ray;lor-fil
ray;lorfil
reach;ter-por
reach;terpor
react;rea
reaction;rea-tas
reaction;reatas
read;leg
reading;leg-te
reading;legte
ready;rap-sa
ready;rapsa
real;an-quas
real;anquas
reality;an-quas
reality;anquas
reason;qua-wis
reason;quawis
receipt;ack
record;mag-enu
record;magenu
recriminate;lok-an-adsenktas
recriminate;lokanadsenktas
red;ru
reduce;in-des
reduce;indes
refine;lim
regret (n);poen-tas
regret (n);poentas
regret (v);poen
regular;adsi
relation;afin
relationship;afin
release (n);eks
release (n);ex
release (v);in-ex
release (v);inex
religion;mag-kred
religion;magkred
remain;man
remains;man-char
remains;manchar
remember;reski
remit;dim
remove;por-ailem
remove;porailem
remove danger;an-jux
remove danger;anjux
reorganize;mur-skis
reorganize;murskis
repent;poen
repentance;poen-tas
repentance;poentas
represent;lok-trak
represent;loktrak
representative;lok-trak-lem
representative;loktraklem
request;nes-tas
request;nestas
require;nes
respect;ver-vid
respect;vervid
respond;rea
response;rea-tas
response;restas
responsible;mon-de
responsible;monde
rest;an-por
rest;anpor
rest;sit
return;dim
reward;rem
rhythm;tim-spak
rhythm;timspak
right;ver
ring;dig-kir
ring;digkir
ritual;rit
river;por-mir
river;pormir
rivet;aig
road;via
robe;mas-orn
robe;masorn
rock;lap
rod;sera
roll;kir-por
roll;kirpor
roof;reg-vas-uus
roof;regvasuus
room;reg-char
room;regchar
root;arb-ped
root;arbped
rough;an-lim
rough;anlim
round;kir-ku
round;kirku
row;del
rub;ungo
rule;pri-te
rule;prite
ruler (leader);pri-lem
ruler (leader);prilem
ruler (measure);minzur-char
ruler (measure);minzurchar
run;curo
sacred;om
sacrifice;kah
sacrificial;kah-mani-zen-de
sacrificial;kahmanizende
sad;an-lai
sad;anlai
safe;an-jux
safe;anjux
sail;lint
sale;vil-ved
sale;vilved
salt;al
same;mis
sand;sik-solu
sand;siksolu
savage;veh
say;lok
scale (skin);rig-teg
scale (skin);rigteg
scale (balance);squa
scar;teg-vul
scar;tegvul
scholar;wis-lem
scholar;wislem
school;wis-lem-reg
school;wislemreg
science;mag-ars
science;magars
scientist;mag-ars-lem
scientist;magarslem
scissors;skis-char
scissors;skischar
scorn;asper
scrutiny;ang-vid
scrutiny;angvid
sea;mar
sea serpent;mir-sarp
sea serpent;mirsarp
seal;saep
search;vest
seat;sed-tas
seat;sedtas
second;sek
secret;ark-tas
secret;arktas
secure;an-jux
secure;anjux
see;vid 
see;wis-lor
see;wislor
seed;seg
seem;vid-ku
seem;vidku
seer;vid-lem
seer;vislem
select;sel
selection;sel-tas
selection;seltas
self;aut
sell;ved
send;dim
sense;sent
separate;skis
serious;sev
serpent;sarp
servant;vil-lem
servant;villem
seven;sem
seventh;sem-de
seventh;semde
sex;gens
shade (color);ting
shade (ghost);um-lem
shade (ghost);umlem
shadow;um
shake;vex
shall;pos-tim
shall;postim
shall;re
shame;an-mul
shame;anmul
sharp;ak
she;ilem
she;lem
shear;teg-skis
shear;tegskis
shears (tool);skis-char
shears (tool);skischar
sheep;pek
shelf;bet-mens
shelf;betmens
shell;rig-teg
shell;rigteg
shield;sku
ship (n);lint-tas
ship (n);linttas
ship (v);lint
shirt;thor-teks
shirt;thorteks
shock;sop
shoe;ped-aglo
shoe;pedaglo
shoot;ta
shop;ved-ter
shop;vedter
short;an-cel
short;ancel
shove;for-por
shove;forpor
shovel;pel
shrine;ter-ort
shrine;terort
shrink;in-bet
shrink;inbet
shut;firm
side;lat
sign;viduk-tas
sign;viduktas
silent;an-son
silent;anson
silk;som-teks
silk;somteks
silver;arg
silver serpent;vas-arg-sarp
silver serpent;vasargsarp
similar;mis-ve
similar;misve
simple;pur
single;pri-de
single;pride
singularity;pri-tas
singularity;pritas
sister;sor
six;ek
sixty-four;ah
size;quant
sketch;an-lim
sketch;anlim
sketchy;an-lim
sketchy;anlim
skin;teg
skirt;jup
sky;ter-hur
sky;terhur
slab;tablap
slave;an-ex
slave;anex
sleep;zu
sleep dust;zu-ailem
sleep dust;zuailem
sleepy;zu-ku
sleepy;zuku
slender;an-vas-ku
slender;anvasku
slide;lab
slip;lab
slope;cliv
slow;an-rap
slow;anrap
small;bet
smash;an-in
smash;anin
smear;ungo
smell (n);olef-tas
smell (n);oleftas
smell (v);olef
smelly;olef-ku
smelly;olefku
smile;sub
smoke;fum
smooth;delsa-teg
smooth;delsateg
snake;sarp
snake charmer;sarp-an-zen-ex-lem
snake charmer;sarpanzenexlem
sneeze;ster
snow;nix
so;er
so;ita
soap;purg-ailem
soap;purgailem
society;mur-om
society;murom
soft;delsa
solid;ailem-de
solid;ailemde
some;qua-lem
some;qualem
something;zash
something;zaw
somewhat;zash
somewhat;zaw
son;mas-prol
son;masprol
song;aud-char
song;audchar
sort (n);spec
sort (v);mur-skis
sort (v);murskis
sound;son
soup;umor-kans
soup;umorkans
south;aust
space;spak
spade;pel
speak;lok
special;pecu
spike;aig
spirituality;om-de
spirituality;omde
spoon;cui
spring;sal
spurn;asper
squander;abu
square;kuad
square;quad
stage;ars-solu
stage;arssolu
stamp;saep
star;sil
start;init
statement;mag-mo
statement;magmo
static;an-rel
static;anrel
steal;klep
steal; qep
stealth;ark-lem
stealth;arklem
steam;fum
steel;oric-de
steel;oricde
stench;bal-olef
stench;balolef
step;ped-por
step;pedpor
stern;sev
stick;pend
sticky;pend-ku
sticky;pendku
stiff;rig
still;tam
stink;bal-olef
stink;balolef
stinky;olef-ku
stinky;olefku
stitch (n);suo-tas
stitch (n);suotas
stitch (v);suo
stock;ved-ter-de
stock;vedterde
stomach;alv
stone;lap
stop;an-por
stop;anpor
store;ved-ter
store;vedter
storm;tem
story;jist
straight;rec
strange;anish
strange;aniw
stream;por-mir
stream;pormir
street;op-via
street;opvia
stretch;tir
stretchy;tir-ku
stretchy;tirku
strict;sev
stroll;amb
strong;for
structure;rep
struggle;agra-tas
struggle;agratas
study;in-wis
study;inwis
substance;ailem
success;ben-fin
success;benfin
such;esta
sudden;subi
sugar;sac
sugary;sac-ku
sugary;sacku
suggestion;sev-rem
suggestion;sevrem
summer;flam-tim
summer;flamtim
sun;sur
support;auks
suppose;sum
surprise;ben-sop
surprise;bensop
survival;te-mani-tas
survival;temanitas
survive;te-mani
survive;temani
swamp;vir-mir
swamp;virmir
swear;in-jur
swear;injur
sweet;mit
sweet;sac-ku
sweet;sacku
swim;nag
sword;mek
swordsman;mek-lem
swordsman;meklem
table;mens
tail;cod
take;klep
take;qep
take;por-ailem
take;porailem
talk;lok
talking;lok-de
talking;lokde
tall;celsus
taste;sab
tax;op-som
tax;opsom
teach;in-wis
teach;inwis
teacher;in-wis-lem
teacher;inwislem
teaching;in-wis-de
teaching;inwisde
tear apart;skis
tell;lok
temple;ter-ort
temple;terort
tendency;mors
lake;ter-mir
lake;termir
test;insep
than;de
thank;grat
thanks;grat
that;esta
the;la
their;lem-de
their;lemde
them;lem
then;esta-tim
then;estatim
theory;kred-tas
theory;kredtas
there;ter-esta
there;teresta
there is;ai
there are;ai
there will be;ai-re
there will be;aire
thereby;esta-de
thereby;estade
therewith;esta-de
therewith;estade
they;ilem
they;lem
they;ulem
thick;cras
thief;klep-lem
thief;kleplem
thin;an-vas-ku
thin;anvasku
thing;ailem
think;kred
this;ista
tho;et
those;esta/lem-mur
those;lem-mur
those-lemmur
though;et
thought;kred-tas
thought;kredtas
thread;bet-fil
thread;betfil
threaten;in-jux
threaten;injux
three;kli
three principles (the);axi-mur
three principles (the);aximur
thrice;kli-tim
thrice;klitim
throat;cu-de
throat;cude
throne;mag-sed
throne;magsed
through;per
throw;deji
thumb;mag-dig
thumb;magdig
thunder;tem-agra
thunder;temagra
thus;ita
tie (n);fed-tas
tie (n);fedtas
tie (v);fed
tight;ang
till;hoc
time;tim
timing;tim-te
timing;timde
tired;zu-ku
tired;zuku
to;re
to;trak
to begin;re
toe;ped-dig
toe;peddig
together;rep-ku
together;repku
tomorrow;lor-tim-pos
tomorrow;lortimpos
tongue;lan
too;mis
tooth;buk-kul
tooth;bukkul
teeth;buk-kul
teeth;bukkul
top;vas-uus
top;vasuus
torture;sadis
toss;deji
touch;tan
toward;trak
town;op
toy;lud-ailem
toy;ludailem
trade;vici
trail;cod
trammel;tramel
transport;por
tray;lanx
treachery;dol
tree;vas-arb
tree;vasarb
tremor;vas-por-ailem
tremor;vasporailem
trick;dol
troop leader;us-agra-lem
troop leader;usagralem
trouble;kuae
trouble;quae
trousers;braca
truly;ver-de
truly;verde
truth;ver
try;insep
turn;rot
twist;plir-kir
twist;plirkir
two;sek
ultimate;ul-tim/vas
ultimate;ultim
ultimate;vas
unchanging;an-rel
unchanging;anrel
undead;zen-korp
undead;zenkorp
under;des-de
under;desde
underpinning;des-in-tas
underpinning;desintas
underworld;des-ter-mur
underworld;destermur
unexpected;subi
unhappy;an-lai
unhappy;anlai
unify;pri-in
unify;priin
unit;pri-tas
unit;pritas
unity;pri
unlock (v);aper
unlocked (ad);ex-por
unlocked (ad);expor
unprotected;an-saengkt
unprotected;ansaengkt
unrefined;an-lim
unrefined;anlim
until;hoc
unto;trak
untrap;an-jux
untrap;anjux
unusual;pecu
unwise;an-wis
unwise;anwis
up;uus
upon;ad
urgent;rap
us;ilem
us;ui
us;uilem
usage;per-tas
usage;pertas
use;per
usher in;kal
valley;des-ter
valley;dester
valor;ra
valuable;per-sa
valuable;persa
value;som
vapor;fum
vegetation;arb
vendor;ved-lem
vendor;vedlem
vent;fen
verse;del
very;nim
view;vid
village;bet-op
village;betop
vines;vin-arb
vines;vinarb
violent;veh
virtue;ben-tas
virtue;bentas
virtuous;ben-lem
virtuous;benlem
vision;wis-lor
vision;wislor
voice;vox
vortex;vorteks
wait;tim
waiting;tim-te
waiting;timle
wake;an-zu
wake;anzu
wake up;an-zu
wake up;anzu
walk;amb
wall;mac
wanderer;vag-lem
wanderer;vaglem
wandering;vag-lem
wandering;vaglem
warm;flam-ku
warm;flamku
warrior;agra-lem
warrior;agralem
was;prae-tim
was;praetim
wash;purg
waste;abu
watch;vid
water;mir
watery;mir-ku
watery;mirku
wave;mir-de
wave;mirde
wax;abis-ailem
wax;abisailem
way;gres
way out;gres
we;ilem
we;ui
we;uilem
weapon;agra-char
weapon;agrachar
weaponsmith;agra-char-in-lem
weaponsmith;agracharinlem
wear out;bal-ungo
wear out;balungo
weather;coel
week;sem-lor-tim
week;semlortim
weight;pot
well;ben
well (water);bet-ter-mir
well (water);bettermir
west;ves
wet;mir-ku
wet;mirku
what;kua
wheel;kir-char
wheel;kirchar
when;qua-tim
when;quatim
where;qua-ter
where;quarter
whether;si
which;kua
while;dur
whip;fla
whistle;hur-son
whistle;hurson
white;alb
who;qua-lem
who;qualem
whole;tu-tas
whole;tutas
why;qua-wis
why;quawis
wide;an-ang
wide;anang
will;pos-tim
will;postim
will;re
wind;hur
window;fen
wine;vin
wing;vol
winged;vol-de
winged;volde
wingless;an-vold-de
wingless;anvolde
winter;zu-tim
winter;zutim
wisdom;wis
wise;wis
wisely;wis-de
wisely;wisde
with;ku
within;ante 
within;ku-ante
within;kuante
without;an-ku
without;anku
wolf;lup
woman;fem-lem
woman;femlem
womb;alv
wood;nem
wool;pek-ailem
wool;pekailem
word;mo
work;trav
worker;des-lem
worker;deslem
world;ter-mur
world;termur
worm;bet-sarp
worm;betsarp
wound;vul
write;skri
writing;skri
writer;skri-lem
writer;skrilem
wrong;fel
year;ann
yellow;saf
yes;aio
yesterday;lor-tim-prae
yesterday;lortimprae
yet;a
yield;don
you;ulem
you;u
you all;ulem
young;bet-tim
young;bettim
your;u-de
your;ude
yours;u-de
yours;ude
